Pokemon,generation,is_legendary,attack,defense,speed,sp_attack,sp_defense,hp,percentage_male,capture_rate,base_happiness,base_total,base_egg_steps,type1,type2,weight_kg,height_m,Number of votes,Rank
Charizard,1,0,104,78,100,159,115,78,88.1,45,70,634,5120,fire,flying,90.5,1.7,1107,1
Gengar,1,0,65,80,130,170,95,60,50.0,45,70,600,5120,ghost,poison,40.5,1.5,1056,2
Arcanine,1,0,110,80,95,100,80,90,75.4,75,70,555,5120,fire,,155.0,1.9,923,3
Bulbasaur,1,0,49,49,45,65,65,45,88.1,45,70,318,5120,grass,poison,6.9,0.7,710,4
Blaziken,3,0,160,80,100,130,80,80,88.1,45,70,630,5120,fire,fighting,52.0,1.9,613,5
Umbreon,2,0,65,110,65,60,130,95,88.1,45,35,525,8960,dark,,27.0,1.0,607,6
Lucario,4,0,145,88,112,140,70,70,88.1,45,70,625,6400,fighting,steel,54.0,1.2,604,7
Gardevoir,3,0,85,65,100,165,135,68,50.0,45,35,618,5120,psychic,fairy,48.4,1.6,585,8
Eevee,1,0,55,50,55,45,65,55,88.1,45,70,325,8960,normal,,6.5,0.3,581,9
Dragonite,1,0,134,95,80,100,100,91,50.0,45,35,600,10240,dragon,flying,210.0,2.2,551,10
Absol,3,0,150,60,115,115,60,65,50.0,30,35,565,6400,dark,,47.0,1.2,542,11
Typhlosion,2,0,84,78,100,109,85,78,88.1,45,70,534,5120,fire,,79.5,1.7,534,12
Ampharos,2,0,95,105,45,165,110,90,50.0,45,70,610,5120,electric,,61.5,1.4,529,13
Squirtle,1,0,48,65,43,50,64,44,88.1,45,70,314,5120,water,,9.0,0.5,523,14
Flygon,3,0,100,80,100,80,80,80,50.0,45,70,520,5120,ground,dragon,82.0,2.0,510,15
Ninetales,1,0,67,75,109,81,100,73,24.6,75,70,505,5120,fire,ice,,,471,16
Tyranitar,2,0,164,150,71,95,120,100,50.0,45,35,700,10240,rock,dark,202.0,2.0,451,17
Infernape,4,0,104,71,108,104,71,76,88.1,45,70,534,5120,fire,fighting,55.0,1.2,443,18
Snorlax,1,0,110,65,30,65,110,160,88.1,25,70,540,10240,normal,,460.0,2.1,433,19
Torterra,4,0,109,105,56,75,85,95,88.1,45,70,525,5120,grass,ground,310.0,2.2,430,20
Luxray,4,0,120,79,70,95,79,80,50.0,45,70,523,5120,electric,,42.0,1.4,429,21
Scizor,2,0,150,140,75,65,100,70,50.0,25,70,600,6400,bug,steel,118.0,1.8,424,22
Blastoise,1,0,103,120,78,135,115,79,88.1,45,70,630,5120,water,,85.5,1.6,410,23
Garchomp,4,0,170,115,92,120,95,108,50.0,45,70,700,10240,dragon,ground,95.0,1.9,404,24
Mudkip,3,0,70,50,40,50,50,50,88.1,45,70,310,5120,water,,7.6,0.4,404,24
Metagross,3,0,145,150,110,105,110,80,,3,35,700,10240,steel,psychic,550.0,1.6,395,26
Scyther,1,0,110,80,105,55,80,70,50.0,45,70,500,6400,bug,flying,56.0,1.5,394,27
Espeon,2,0,65,60,110,130,95,65,88.1,45,70,525,8960,psychic,,26.5,0.9,384,28
Swampert,3,0,150,110,70,95,110,100,88.1,45,70,635,5120,water,ground,81.9,1.5,381,29
Cyndaquil,2,0,52,43,65,60,50,39,88.1,45,70,309,5120,fire,,7.9,0.5,377,30
Alakazam,1,0,50,65,150,175,105,55,75.4,50,70,600,5120,psychic,,48.0,1.5,376,31
Charmander,1,0,52,43,65,60,50,39,88.1,45,70,309,5120,fire,,8.5,0.6,374,32
Empoleon,4,0,86,88,60,111,101,84,88.1,45,70,530,5120,water,steel,84.5,1.7,346,33
Sceptile,3,0,110,75,145,145,85,70,88.1,45,70,630,5120,grass,,52.2,1.7,337,34
Jolteon,1,0,65,60,130,110,95,65,88.1,45,70,525,8960,electric,,24.5,0.8,335,35
Cubone,1,0,50,95,35,40,50,50,50.0,190,70,320,5120,ground,,6.5,0.4,321,36
Rayquaza,3,1,180,100,115,180,100,105,,45,0,780,30720,dragon,flying,206.5,7.0,316,37
Aggron,3,0,140,230,50,60,80,70,50.0,45,35,630,8960,steel,rock,360.0,2.1,313,38
Vulpix,1,0,41,40,65,50,65,38,24.6,190,70,299,5120,fire,ice,,,302,39
Raichu,1,0,85,50,110,95,85,60,50.0,75,70,485,2560,electric,electric,,,301,40
Haunter,1,0,50,45,95,115,55,45,50.0,90,70,405,5120,ghost,poison,0.1,1.6,301,40
Totodile,2,0,65,64,43,44,48,50,88.1,45,70,314,5120,water,,9.5,0.6,300,42
Mewtwo,1,1,150,70,140,194,120,106,,3,0,780,30720,psychic,,122.0,2.0,298,43
Pikachu,1,0,55,40,90,50,50,35,50.0,190,70,320,2560,electric,,6.0,0.4,293,44
Volcarona,5,0,60,65,100,135,105,85,50.0,15,70,550,10240,bug,fire,46.0,1.6,290,45
Feraligatr,2,0,105,100,78,79,83,85,88.1,45,70,530,5120,water,,88.8,2.3,287,46
Mimikyu,7,0,90,80,96,50,105,55,50.0,45,70,476,5120,ghost,fairy,0.7,0.2,284,47
Sylveon,6,0,65,65,60,110,130,95,88.1,45,70,525,8960,fairy,,23.5,1.0,282,48
Psyduck,1,0,52,48,55,65,50,50,50.0,190,70,320,5120,water,,19.6,0.8,281,49
Heracross,2,0,185,115,75,40,105,80,50.0,45,70,600,6400,bug,fighting,54.0,1.5,279,50
Growlithe,1,0,70,45,60,70,50,55,75.4,190,70,350,5120,fire,,19.0,0.7,276,51
Vaporeon,1,0,65,60,65,110,95,130,88.1,45,70,525,8960,water,,29.0,1.0,275,52
Mew,1,1,100,100,100,100,100,100,,45,100,600,30720,psychic,,4.0,0.4,269,53
Nidoking,1,0,102,77,85,85,75,81,100.0,45,70,505,5120,poison,ground,62.0,1.4,265,54
Gyarados,1,0,155,109,81,70,130,95,50.0,45,70,640,1280,water,flying,235.0,6.5,265,54
Lugia,2,1,90,130,110,90,154,106,,3,0,680,30720,psychic,flying,216.0,5.2,260,56
Mawile,3,0,105,125,50,55,95,50,50.0,45,70,480,5120,steel,fairy,11.5,0.6,247,57
Gallade,4,0,165,95,110,65,115,68,100.0,45,35,618,5120,psychic,fighting,52.0,1.6,239,58
Sableye,3,0,85,125,20,85,115,50,50.0,45,35,480,6400,dark,ghost,11.0,0.5,237,59
Lapras,1,0,85,80,60,85,95,130,50.0,45,70,535,10240,water,ice,220.0,2.5,233,60
Crobat,2,0,90,80,130,70,80,85,50.0,90,70,535,3840,poison,flying,75.0,1.8,231,61
Breloom,3,0,130,80,70,60,60,60,50.0,90,70,460,3840,grass,fighting,39.2,1.2,228,62
Milotic,3,0,60,79,81,100,125,95,50.0,60,70,540,5120,water,,162.0,6.2,224,63
Chandelure,5,0,55,90,80,145,90,60,50.0,45,70,520,5120,ghost,fire,34.3,1.0,222,64
Salamence,3,0,145,130,120,120,90,95,50.0,45,35,700,10240,dragon,flying,102.6,1.5,220,65
Greninja,6,0,145,67,132,153,71,72,88.1,45,70,640,5120,water,dark,40.0,1.5,219,66
Turtwig,4,0,68,64,31,45,55,55,88.1,45,70,318,5120,grass,,10.2,0.4,218,67
Dunsparce,2,0,70,70,45,65,65,100,50.0,190,70,415,5120,normal,,14.0,1.5,209,68
Sandshrew,1,0,75,90,40,10,35,50,50.0,255,70,300,5120,ground,ice,,,200,69
Piplup,4,0,51,53,40,61,56,53,88.1,45,70,314,5120,water,,5.2,0.4,190,70
Darkrai,4,1,90,90,125,135,90,70,,3,0,600,30720,dark,,50.5,1.5,185,71
Weavile,4,0,120,65,125,45,85,70,50.0,45,35,510,5120,dark,ice,34.0,1.1,185,71
Ditto,1,0,48,48,48,48,48,48,,35,70,288,5120,normal,,4.0,0.3,184,73
Quilava,2,0,64,58,80,80,65,58,88.1,45,70,405,5120,fire,,19.0,0.9,181,74
Glaceon,4,0,60,110,65,130,95,65,88.1,45,35,525,8960,ice,,25.9,0.8,180,75
Houndoom,2,0,90,90,115,140,90,75,50.0,45,35,600,5120,dark,fire,35.0,1.4,177,76
Shuckle,2,0,10,230,5,10,230,20,50.0,190,70,505,5120,bug,rock,20.5,0.6,176,77
Aegislash,6,0,150,50,60,150,50,60,50.0,45,70,520,5120,steel,ghost,53.0,1.7,168,78
Sandslash,1,0,100,120,65,25,65,75,50.0,90,70,450,5120,ground,ice,,,167,79
Hydreigon,5,0,105,90,98,125,90,92,50.0,45,35,600,10240,dark,dragon,160.0,1.8,166,80
Togekiss,4,0,50,95,80,120,115,85,88.1,30,70,545,2560,fairy,flying,38.0,1.5,164,81
Jigglypuff,1,0,45,20,20,45,25,115,24.6,170,70,270,2560,normal,fairy,5.5,0.5,162,82
Zoroark,5,0,105,60,105,120,60,60,88.1,45,70,510,5120,dark,,81.1,1.6,159,83
Giratina,4,1,120,100,90,120,100,150,,3,0,680,30720,ghost,dragon,750.0,4.5,157,84
Dragonair,1,0,84,65,70,70,70,61,50.0,45,35,420,10240,dragon,,16.5,4.0,157,84
Porygon-Z,4,0,80,70,90,135,75,85,,30,70,535,5120,normal,,34.0,0.9,148,86
Ludicolo,3,0,70,70,70,90,100,80,50.0,45,70,480,3840,water,grass,55.0,1.5,147,87
Froslass,4,0,80,70,110,80,70,70,0.0,75,70,480,5120,ice,ghost,26.6,1.3,143,88
Staraptor,4,0,120,70,100,50,60,85,50.0,45,70,485,3840,normal,flying,24.9,1.2,142,89
Suicune,2,1,75,115,85,90,115,100,,3,35,580,20480,water,,187.0,2.0,140,90
Whimsicott,5,0,67,85,116,77,75,60,50.0,75,70,480,5120,grass,fairy,6.6,0.7,139,91
Articuno,1,1,85,100,85,95,125,90,,3,35,580,20480,ice,flying,55.4,1.7,136,92
Altaria,3,0,110,110,80,110,105,75,50.0,45,70,590,5120,dragon,flying,20.6,1.1,136,92
Skarmory,2,0,80,140,70,40,70,65,50.0,25,70,465,6400,steel,flying,50.5,1.7,135,94
Treecko,3,0,45,35,70,65,55,40,88.1,45,70,310,5120,grass,,5.0,0.5,134,95
Wartortle,1,0,63,80,58,65,80,59,88.1,45,70,405,5120,water,,22.5,1.0,133,96
Furret,2,0,76,64,90,45,55,85,50.0,90,70,415,3840,normal,,32.5,1.8,132,97
Gliscor,4,0,95,125,95,45,75,75,50.0,30,70,510,5120,ground,flying,42.5,2.0,132,97
Grovyle,3,0,65,45,95,85,65,50,88.1,45,70,405,5120,grass,,21.6,0.9,129,99
Leafeon,4,0,110,130,95,60,65,65,88.1,45,35,525,8960,grass,,25.5,1.0,127,100
Venusaur,1,0,100,123,80,122,120,80,88.1,45,70,625,5120,grass,poison,100.0,2.0,127,100
Oddish,1,0,50,55,30,75,65,45,50.0,255,70,320,5120,grass,poison,5.4,0.5,127,100
Shinx,4,0,65,34,45,40,34,45,50.0,235,70,263,5120,electric,,9.5,0.5,124,103
Quagsire,2,0,85,85,35,65,65,95,50.0,90,70,430,5120,water,ground,75.0,1.4,123,104
Jirachi,3,1,100,100,100,100,100,100,,3,100,600,30720,steel,psychic,1.1,0.3,123,104
Zapdos,1,1,90,85,100,125,90,90,,3,35,580,20480,electric,flying,52.6,1.6,121,106
Magikarp,1,0,10,55,80,15,20,20,50.0,255,70,200,1280,water,,10.0,0.9,119,107
Slowpoke,1,0,65,65,15,40,40,90,50.0,190,70,315,5120,water,psychic,36.0,1.2,118,108
Mareep,2,0,40,40,35,65,45,55,50.0,235,70,280,5120,electric,,7.8,0.6,118,108
Kabutops,1,0,115,105,80,65,70,60,88.1,45,70,495,7680,rock,water,40.5,1.3,118,108
Tropius,3,0,68,83,51,72,87,99,50.0,200,70,460,6400,grass,flying,100.0,2.0,118,108
Galvantula,5,0,77,60,108,97,60,70,50.0,75,70,472,5120,bug,electric,14.3,0.8,117,113
Noivern,6,0,70,80,123,97,80,85,50.0,45,70,535,5120,flying,dragon,85.0,1.5,116,114
Shedinja,3,0,90,45,40,30,30,1,,45,70,236,3840,bug,ghost,1.2,0.8,116,114
Haxorus,5,0,147,90,97,60,70,76,50.0,45,35,540,10240,dragon,,105.5,1.8,115,116
Electivire,4,0,123,67,95,95,85,75,75.4,30,70,540,6400,electric,,138.6,1.8,113,117
Reuniclus,5,0,65,75,30,125,85,110,50.0,50,70,490,5120,psychic,,20.1,1.0,112,118
Shaymin,4,1,103,75,127,120,75,100,,45,100,600,30720,grass,grass,2.1,0.2,112,118
Abra,1,0,20,15,90,105,55,25,75.4,200,70,310,5120,psychic,,19.5,0.9,111,120
Starmie,1,0,75,85,115,100,85,60,,60,70,520,5120,water,psychic,80.0,1.1,111,120
Wooper,2,0,45,45,15,25,25,55,50.0,255,70,210,5120,water,ground,8.5,0.4,109,122
Decidueye,7,0,107,75,70,100,100,78,88.1,45,70,530,3840,grass,ghost,36.6,1.6,107,123
Azumarill,2,0,50,80,50,60,80,100,50.0,75,70,420,2560,water,fairy,28.5,0.8,106,124
Serperior,5,0,75,95,113,75,95,75,88.1,45,70,528,5120,grass,,63.0,3.3,106,124
Torchic,3,0,60,40,45,70,50,45,88.1,45,70,310,5120,fire,,2.5,0.4,105,126
Machamp,1,0,130,80,55,65,85,90,75.4,45,70,505,5120,fighting,,130.0,1.6,104,127
Sneasel,2,0,95,55,115,35,75,55,50.0,60,35,430,5120,dark,ice,28.0,0.9,103,128
Zangoose,3,0,115,60,90,60,60,73,50.0,90,70,458,5120,normal,,40.3,1.3,99,129
Chikorita,2,0,49,65,45,49,65,45,88.1,45,70,318,5120,grass,,6.4,0.9,98,130
Porygon,1,0,60,70,40,85,75,65,,45,70,395,5120,normal,,36.5,0.8,97,131
Latias,3,1,100,120,110,140,150,80,0.0,3,90,700,30720,dragon,psychic,40.0,1.4,97,131
Aron,3,0,70,100,30,40,40,50,50.0,180,35,330,8960,steel,rock,60.0,0.4,96,133
Poliwhirl,1,0,65,65,90,50,50,65,50.0,120,70,385,5120,water,,20.0,1.0,96,133
Pidgeot,1,0,80,80,121,135,80,83,50.0,45,70,579,3840,normal,flying,39.5,1.5,96,133
Krookodile,5,0,117,80,92,65,70,95,50.0,45,70,519,5120,ground,dark,96.3,1.5,95,136
Steelix,2,0,125,230,30,55,95,75,50.0,25,70,610,6400,steel,ground,400.0,9.2,95,136
Lilligant,5,0,60,75,90,110,75,70,0.0,75,70,480,5120,grass,,16.3,1.1,94,138
Flareon,1,0,130,60,65,95,110,65,88.1,45,70,525,8960,fire,,25.0,0.9,94,138
Bisharp,5,0,125,100,70,60,70,65,50.0,45,35,490,5120,dark,steel,70.0,1.6,93,140
Dratini,1,0,64,45,50,50,50,41,50.0,45,35,300,10240,dragon,,3.3,1.8,92,141
Lycanroc,7,0,115,75,82,55,75,85,50.0,90,70,487,3840,rock,,,,91,142
Victini,5,1,100,100,100,100,100,100,,3,100,600,30720,psychic,fire,4.0,0.4,91,142
Buizel,4,0,65,35,85,60,30,55,50.0,190,70,330,5120,water,,29.5,0.7,90,144
Rowlet,7,0,55,55,42,50,50,68,88.1,45,70,320,3840,grass,flying,1.5,0.3,89,145
Golurk,5,0,124,80,55,55,80,89,,90,70,483,6400,ground,ghost,330.0,2.8,87,146
Wailord,3,0,90,45,60,90,45,170,50.0,60,70,500,10240,water,,398.0,14.5,86,147
Muk,1,0,105,75,50,65,100,105,50.0,75,70,500,5120,poison,poison,,,86,147
Murkrow,2,0,85,42,91,85,42,60,50.0,30,35,405,5120,dark,flying,2.1,0.5,86,147
Roserade,4,0,70,65,90,125,105,60,50.0,75,70,515,5120,grass,poison,14.5,0.9,86,147
Goodra,6,0,100,70,80,110,150,90,50.0,45,35,600,10240,dragon,,150.5,2.0,85,151
Spheal,3,0,40,50,25,55,50,70,50.0,255,70,290,5120,ice,water,39.5,0.8,83,152
Beedrill,1,0,150,40,145,15,80,65,50.0,45,70,495,3840,bug,poison,29.5,1.0,83,152
Ivysaur,1,0,62,63,60,80,80,60,88.1,45,70,405,5120,grass,poison,13.0,1.0,83,152
Oshawott,5,0,55,45,45,63,45,55,88.1,45,70,308,5120,water,,5.9,0.5,83,152
Marowak,1,0,80,110,45,50,80,60,50.0,75,70,425,5120,ground,fire,,,83,152
Zorua,5,0,65,40,65,80,40,40,88.1,75,70,330,6400,dark,,12.5,0.7,82,157
Toxicroak,4,0,106,65,85,86,65,83,50.0,75,70,490,5120,poison,fighting,44.4,1.3,82,157
Kadabra,1,0,35,30,105,120,70,40,75.4,100,70,400,5120,psychic,,56.5,1.3,82,157
Ralts,3,0,25,25,40,45,35,28,50.0,235,35,198,5120,psychic,fairy,6.6,0.4,82,157
Bidoof,4,0,45,40,31,35,40,59,50.0,255,70,250,3840,normal,,20.0,0.5,81,161
Lopunny,4,0,136,94,135,54,96,65,50.0,60,140,580,5120,normal,,33.3,1.2,81,161
Scolipede,5,0,100,89,112,55,69,60,50.0,45,70,485,5120,bug,poison,200.5,2.5,80,163
Scrafty,5,0,90,115,58,45,115,65,50.0,90,70,488,3840,dark,fighting,30.0,1.1,80,163
Misdreavus,2,0,60,60,85,85,85,60,50.0,45,35,435,6400,ghost,,1.0,0.7,80,163
Banette,3,0,165,75,75,93,83,64,50.0,45,35,555,6400,ghost,,12.5,1.1,80,163
Mismagius,4,0,60,60,105,105,105,60,50.0,45,35,495,6400,ghost,,4.4,0.9,80,163
Wobbuffet,2,0,33,58,33,33,58,190,50.0,45,70,405,5120,psychic,,28.5,1.3,79,168
Golisopod,7,0,125,140,40,60,90,75,50.0,45,70,530,5120,bug,water,108.0,2.0,79,168
Slowbro,1,0,75,180,30,130,80,95,50.0,75,70,590,5120,water,psychic,78.5,1.6,79,168
Joltik,5,0,47,50,65,57,50,50,50.0,190,70,319,5120,bug,electric,0.6,0.1,79,168
Celebi,2,1,100,100,100,100,100,100,,45,100,600,30720,psychic,grass,5.0,0.6,78,172
Phanpy,2,0,60,60,40,40,40,90,50.0,120,70,330,5120,ground,,33.5,0.5,77,173
Rapidash,1,0,100,70,105,80,80,65,50.0,60,70,500,5120,fire,,95.0,1.7,77,173
Meganium,2,0,82,100,80,83,100,80,88.1,45,70,525,5120,grass,,100.5,1.8,75,175
Deoxys,3,1,95,90,180,95,90,50,,3,0,600,30720,psychic,,60.8,1.7,75,175
Skitty,3,0,45,45,50,35,35,50,24.6,255,70,260,3840,normal,,11.0,0.6,74,177
Honchkrow,4,0,125,52,71,105,52,100,50.0,30,35,505,5120,dark,flying,27.3,0.9,74,177
Dialga,4,1,120,120,90,150,100,100,,3,0,680,30720,steel,dragon,683.0,5.4,73,179
Tyrantrum,6,0,121,119,71,69,59,82,88.1,45,70,521,7680,rock,dragon,270.0,2.5,73,179
Politoed,2,0,75,75,70,90,100,90,50.0,45,70,500,5120,water,,33.9,1.1,73,179
Kingdra,2,0,95,95,85,95,95,75,50.0,45,70,540,5120,water,dragon,152.0,1.8,72,182
Donphan,2,0,120,120,50,60,60,90,50.0,60,70,500,5120,ground,,120.0,1.1,72,182
Kyogre,3,1,150,90,90,180,160,100,,3,0,770,30720,water,,352.0,4.5,71,184
Togepi,2,0,20,65,20,40,65,35,88.1,190,70,245,2560,fairy,,1.5,0.3,71,184
Drifloon,4,0,50,34,70,60,44,90,50.0,125,70,348,7680,ghost,flying,1.2,0.4,71,184
Chimchar,4,0,58,44,61,58,44,44,88.1,45,70,309,5120,fire,,6.2,0.5,70,187
Charmeleon,1,0,64,58,80,80,65,58,88.1,45,70,405,5120,fire,,19.0,1.1,70,187
Mamoswine,4,0,130,80,80,70,60,110,50.0,50,70,530,5120,ice,ground,291.0,2.5,69,190
Slaking,3,0,160,100,100,95,65,150,50.0,45,70,670,3840,normal,,130.5,2.0,69,190
Porygon2,2,0,80,90,60,105,95,85,,45,70,515,5120,normal,,32.5,0.6,69,190
Latios,3,1,130,100,110,160,120,80,100.0,3,90,700,30720,dragon,psychic,60.0,2.0,68,193
Samurott,5,0,100,85,70,108,70,95,88.1,45,70,528,5120,water,,94.6,1.5,68,193
Vileplume,1,0,80,85,50,110,90,75,50.0,45,70,490,5120,grass,poison,18.6,1.2,67,195
Aipom,2,0,70,55,85,40,55,55,50.0,45,70,360,5120,normal,,11.5,0.8,66,196
Bayleef,2,0,62,80,60,63,80,60,88.1,45,70,405,5120,grass,,15.8,1.2,66,196
Rotom,4,0,65,107,86,105,107,50,,45,70,520,5120,electric,ghost,0.3,0.3,65,198
Riolu,4,0,70,40,60,35,40,40,88.1,75,70,285,6400,fighting,,20.2,0.7,64,199
Hawlucha,6,0,92,75,118,74,63,78,50.0,100,70,500,5120,fighting,flying,21.5,0.8,64,199
Lanturn,2,0,58,58,67,76,76,125,50.0,75,70,460,5120,water,electric,22.5,1.2,63,201
Snivy,5,0,45,55,63,45,55,45,88.1,45,70,308,5120,grass,,8.1,0.6,62,202
Manectric,3,0,75,80,135,135,80,70,50.0,45,70,575,5120,electric,,40.2,1.5,62,202
Kingler,1,0,130,115,75,50,50,55,50.0,60,70,475,5120,water,,60.0,1.3,62,202
Koffing,1,0,65,95,35,60,45,40,50.0,190,70,340,5120,poison,,1.0,0.6,62,202
Magnemite,1,0,35,70,45,95,55,25,,190,70,325,5120,electric,steel,6.0,0.3,61,206
Mightyena,3,0,90,70,70,60,60,70,50.0,127,70,420,3840,dark,,37.0,1.0,61,206
Groudon,3,1,180,160,90,150,90,100,,3,0,770,30720,ground,,950.0,3.5,61,206
Golduck,1,0,82,78,85,95,80,80,50.0,75,70,500,5120,water,,76.6,1.7,60,209
Sudowoodo,2,0,100,115,30,30,65,70,50.0,65,70,410,5120,rock,,38.0,1.2,60,209
Litwick,5,0,30,55,20,65,55,50,50.0,190,70,275,5120,ghost,fire,3.1,0.3,60,209
Primeape,1,0,105,60,95,60,70,65,50.0,75,70,455,5120,fighting,,32.0,1.0,59,212
Pichu,2,0,40,15,60,35,35,20,50.0,190,70,205,2560,electric,,2.0,0.3,59,212
Butterfree,1,0,45,50,70,90,80,60,50.0,45,70,395,3840,bug,flying,32.0,1.1,58,214
Incineroar,7,0,115,90,60,80,90,95,88.1,45,70,530,3840,fire,dark,83.0,1.8,58,214
Maractus,5,0,86,67,60,106,67,75,50.0,255,70,461,5120,grass,,28.0,1.0,57,216
Espurr,6,0,48,54,68,63,60,62,50.0,190,70,355,5120,psychic,,3.5,0.3,57,216
Cloyster,1,0,95,180,70,85,45,50,50.0,60,70,525,5120,water,ice,132.5,1.5,56,218
Entei,2,1,115,85,100,90,75,115,,3,35,580,20480,fire,,198.0,2.1,56,218
Zigzagoon,3,0,30,41,60,30,41,38,50.0,255,70,240,3840,normal,,17.5,0.4,56,218
Poliwrath,1,0,95,95,70,70,90,90,50.0,45,70,510,5120,water,fighting,54.0,1.3,56,218
Smeargle,2,0,20,35,75,20,45,55,50.0,45,70,250,5120,normal,,58.0,1.2,55,222
Lickitung,1,0,55,75,30,60,75,90,50.0,45,70,385,5120,normal,,65.5,1.2,55,222
Magnezone,4,0,70,115,60,130,90,70,,30,70,535,5120,electric,steel,180.0,1.2,55,222
Magneton,1,0,60,95,70,120,70,50,,60,70,465,5120,electric,steel,60.0,1.0,54,225
Miltank,2,0,80,105,100,40,70,95,0.0,45,70,490,5120,normal,,75.5,1.2,54,225
Tauros,1,0,100,95,110,40,70,75,100.0,45,70,490,5120,normal,,88.4,1.4,54,225
Goomy,6,0,50,35,40,55,75,45,50.0,45,35,300,10240,dragon,,2.8,0.3,53,228
Chansey,1,0,5,5,50,35,105,250,0.0,30,140,450,10240,normal,,34.6,1.1,53,228
Hitmonchan,1,0,105,79,76,35,110,50,100.0,45,70,455,6400,fighting,,50.2,1.4,52,230
Trubbish,5,0,50,62,65,40,62,50,50.0,190,70,329,5120,poison,,31.0,0.6,51,231
Aerodactyl,1,0,135,85,150,70,95,80,88.1,45,70,615,8960,rock,flying,59.0,1.8,51,231
Ponyta,1,0,85,55,90,65,65,50,50.0,190,70,410,5120,fire,,30.0,1.0,51,231
Dewott,5,0,75,60,60,83,60,75,88.1,45,70,413,5120,water,,24.5,0.8,51,231
Primarina,7,0,74,74,60,126,116,80,88.1,45,70,530,3840,water,fairy,44.0,1.8,51,231
Munchlax,4,0,85,40,5,40,85,135,88.1,50,70,390,10240,normal,,105.0,0.6,50,236
Meowth,1,0,35,35,90,50,40,40,50.0,255,70,290,5120,normal,dark,,,50,236
Xatu,2,0,75,70,95,95,70,65,50.0,75,70,470,5120,psychic,flying,15.0,1.5,50,236
Weezing,1,0,90,120,60,85,70,65,50.0,60,70,490,5120,poison,,9.5,1.2,50,236
Larvitar,2,0,64,50,41,45,50,50,50.0,45,35,300,10240,rock,ground,72.0,0.6,50,236
Exeggutor,1,0,105,85,45,125,75,95,50.0,45,70,530,5120,grass,psychic,,,50,236
Eelektross,5,0,115,80,50,105,80,85,50.0,30,70,515,5120,electric,,80.5,2.1,49,242
Ho-Oh,2,1,130,90,90,110,154,106,,3,0,680,30720,fire,flying,199.0,3.8,49,242
Pyukumuku,7,0,60,130,5,30,130,55,50.0,60,70,410,3840,water,,1.2,0.3,49,242
Dewgong,1,0,70,80,70,70,95,90,50.0,75,70,475,5120,water,ice,120.0,1.7,49,242
Croagunk,4,0,61,40,50,61,40,48,50.0,140,100,300,2560,poison,fighting,23.0,0.7,48,246
Tangela,1,0,55,115,60,100,40,65,50.0,45,70,435,5120,grass,,35.0,1.0,47,247
Diglett,1,0,55,30,90,35,45,10,50.0,255,70,265,5120,ground,ground,,,47,247
Gastrodon,4,0,83,68,39,92,82,111,50.0,75,70,475,5120,water,ground,29.9,0.9,47,247
Onix,1,0,45,160,70,30,45,35,50.0,45,70,385,6400,rock,ground,210.0,8.8,46,250
Braixen,6,0,59,58,73,90,70,59,88.1,45,70,409,5120,fire,,14.5,1.0,46,250
Slowking,2,0,75,80,30,100,110,95,50.0,70,70,490,5120,water,psychic,79.5,2.0,46,250
Archeops,5,0,140,65,110,112,65,75,88.1,45,70,567,7680,rock,flying,32.0,1.4,46,250
Emolga,5,0,75,60,103,75,60,55,50.0,200,70,428,5120,electric,flying,5.0,0.4,46,250
Cradily,3,0,81,97,43,81,107,86,88.1,45,70,495,7680,rock,grass,60.4,1.5,46,250
Golem,1,0,120,130,45,55,65,80,50.0,45,70,495,3840,rock,ground,,,45,256
Meowstic,6,0,48,76,104,83,81,74,50.0,75,70,466,5120,psychic,,8.5,0.6,45,256
Hitmonlee,1,0,120,53,87,35,110,50,100.0,45,70,455,6400,fighting,,49.8,1.5,45,256
Klefki,6,0,80,91,75,80,87,57,50.0,75,70,470,5120,steel,fairy,3.0,0.2,44,259
Clefairy,1,0,45,48,35,60,65,70,24.6,150,140,323,2560,fairy,,7.5,0.6,44,259
Scraggy,5,0,75,70,48,35,70,50,50.0,180,35,348,3840,dark,fighting,11.8,0.6,44,259
Sigilyph,5,0,58,80,97,103,80,72,50.0,45,70,490,5120,psychic,flying,14.0,1.4,44,259
Duskull,3,0,40,90,25,30,90,20,50.0,190,35,295,6400,ghost,,15.0,0.8,44,259
Rhydon,1,0,130,120,40,45,45,105,50.0,60,70,485,5120,ground,rock,120.0,1.9,43,264
Flaaffy,2,0,55,55,45,80,60,70,50.0,120,70,365,5120,electric,,13.3,0.8,43,264
Pidgey,1,0,45,40,56,35,35,40,50.0,255,70,251,3840,normal,flying,1.8,0.3,42,266
Drapion,4,0,90,110,95,60,75,70,50.0,45,70,500,5120,poison,dark,61.5,1.3,42,266
Dusknoir,4,0,100,135,45,65,135,45,50.0,45,35,525,6400,ghost,,106.6,2.2,42,266
Magmar,1,0,95,57,93,100,85,65,75.4,45,70,495,6400,fire,,44.5,1.3,42,266
Krabby,1,0,105,90,50,25,25,30,50.0,225,70,325,5120,water,,6.5,0.4,42,266
Floatzel,4,0,105,55,115,85,50,85,50.0,75,70,495,5120,water,,33.5,1.1,42,266
Electabuzz,1,0,83,57,105,95,85,65,75.4,45,70,490,6400,electric,,30.0,1.1,42,266
Camerupt,3,0,120,100,20,145,105,70,50.0,150,70,560,5120,fire,ground,220.0,1.9,42,266
Ribombee,7,0,55,60,124,95,70,60,50.0,75,70,464,5120,bug,fairy,0.5,0.2,41,274
Raikou,2,1,85,75,115,115,100,90,,3,35,580,20480,electric,,178.0,1.9,41,274
Excadrill,5,0,135,60,88,50,65,110,50.0,60,70,508,5120,ground,steel,40.4,0.7,41,274
Delphox,6,0,69,72,104,114,100,75,88.1,45,70,534,5120,fire,psychic,39.0,1.5,41,274
Pachirisu,4,0,45,70,95,45,90,60,50.0,200,100,405,2560,electric,,3.9,0.4,40,278
Teddiursa,2,0,80,50,40,50,50,60,50.0,120,70,330,5120,normal,,8.8,0.6,40,278
Cinccino,5,0,95,60,115,65,60,75,24.6,60,70,470,3840,normal,,7.5,0.5,40,278
Yanmega,4,0,76,86,95,116,56,86,50.0,30,70,515,5120,bug,flying,51.5,1.9,39,281
Zekrom,5,1,150,120,90,120,100,100,,3,0,680,30720,dragon,electric,345.0,2.9,39,281
Ferrothorn,5,0,94,131,20,54,116,74,50.0,90,70,489,5120,grass,steel,110.0,1.0,39,281
Clefable,1,0,70,73,60,95,90,95,24.6,25,140,483,2560,fairy,,40.0,1.3,39,281
Swinub,2,0,50,40,50,30,30,50,50.0,225,70,250,5120,ice,ground,6.5,0.4,39,281
Geodude,1,0,80,100,20,30,30,40,50.0,255,70,300,3840,rock,ground,,,38,286
Spinda,3,0,60,60,60,60,60,60,50.0,255,70,360,3840,normal,,5.0,1.1,38,286
Delibird,2,0,55,45,75,65,45,45,50.0,45,70,330,5120,ice,flying,16.0,0.9,38,286
Reshiram,5,1,120,100,90,150,120,100,,3,0,680,30720,dragon,fire,330.0,3.2,38,286
Emboar,5,0,123,65,65,100,65,110,88.1,45,70,528,5120,fire,fighting,150.0,1.6,38,286
Jynx,1,0,50,35,95,115,95,65,0.0,45,70,455,6400,ice,psychic,40.6,1.4,38,286
Cofagrigus,5,0,50,145,30,95,105,58,50.0,90,70,483,6400,ghost,,76.5,1.7,37,292
Gogoat,6,0,100,62,68,97,81,123,50.0,45,70,531,5120,grass,,91.0,1.7,37,292
Torkoal,3,0,85,140,20,85,70,70,50.0,90,70,470,5120,fire,,80.4,0.5,37,292
Octillery,2,0,105,75,45,105,75,75,50.0,75,70,480,5120,water,,28.5,0.9,37,292
Kangaskhan,1,0,125,100,100,60,100,105,0.0,45,70,590,5120,normal,,80.0,2.2,37,292
Zubat,1,0,45,35,55,30,40,40,50.0,255,70,245,3840,poison,flying,7.5,0.8,37,292
Castform,3,0,70,70,70,70,70,70,50.0,45,70,420,6400,normal,,0.8,0.3,36,298
Bewear,7,0,125,80,60,55,60,120,50.0,70,70,500,3840,normal,fighting,135.0,2.1,36,298
Meloetta,5,1,128,90,128,77,77,100,,3,100,600,30720,normal,psychic,6.5,0.6,36,298
Toxapex,7,0,63,152,35,53,142,50,50.0,75,70,495,5120,poison,water,14.5,0.7,35,301
Yveltal,6,1,131,95,99,131,98,126,,45,0,680,30720,dark,flying,203.0,5.8,35,301
Spiritomb,4,0,92,108,35,92,108,50,50.0,100,70,485,7680,ghost,dark,108.0,1.0,35,301
Arceus,4,1,120,120,120,120,120,120,,3,0,720,30720,normal,,320.0,3.2,35,301
Gible,4,0,70,45,42,40,45,58,50.0,45,70,300,10240,dragon,ground,20.5,0.7,35,301
Jumpluff,2,0,55,70,110,55,95,75,50.0,45,70,460,5120,grass,flying,3.0,0.8,35,301
Drifblim,4,0,80,44,80,90,54,150,50.0,60,70,498,7680,ghost,flying,15.0,1.2,34,307
Lotad,3,0,30,30,30,40,50,40,50.0,255,70,220,3840,water,grass,2.6,0.5,34,307
Glalie,3,0,120,80,100,120,80,80,50.0,75,70,580,5120,ice,,256.5,1.5,34,307
Girafarig,2,0,80,65,85,90,65,70,50.0,60,70,455,5120,normal,psychic,41.5,1.5,34,307
Wigglytuff,1,0,70,45,45,85,50,140,24.6,50,70,435,2560,normal,fairy,12.0,1.0,34,307
Audino,5,0,60,126,50,80,126,103,50.0,255,70,545,5120,normal,,31.0,1.1,34,307
Corsola,2,0,55,95,35,65,95,65,24.6,60,70,410,5120,water,rock,5.0,0.6,34,307
Ursaring,2,0,130,75,55,75,75,90,50.0,60,70,500,5120,normal,,125.8,1.8,34,307
Pumpkaboo,6,0,66,70,41,44,55,59,50.0,120,70,335,5120,ghost,grass,15.0,0.8,34,307
Palkia,4,1,120,100,100,150,120,90,,3,0,680,30720,water,dragon,336.0,4.2,34,307
Walrein,3,0,80,90,65,95,90,110,50.0,45,70,530,5120,ice,water,150.6,1.4,33,317
Malamar,6,0,92,88,73,68,75,86,50.0,80,70,482,5120,dark,psychic,47.0,1.5,33,317
Spoink,3,0,25,35,60,70,80,60,50.0,255,70,330,5120,psychic,,30.6,0.7,33,317
Persian,1,0,60,60,115,75,65,65,50.0,90,70,440,5120,normal,dark,,,33,317
Swellow,3,0,85,60,125,75,50,60,50.0,45,70,455,3840,normal,flying,19.8,0.7,33,317
Braviary,5,0,123,75,80,57,75,100,100.0,60,70,510,5120,normal,flying,41.0,1.5,33,317
Sharpedo,3,0,140,70,105,110,65,70,50.0,60,35,560,5120,water,dark,88.8,1.8,33,317
Salazzle,7,0,64,60,117,111,60,68,0.0,45,70,480,5120,poison,fire,22.2,1.2,33,317
Relicanth,3,0,90,130,55,45,65,100,88.1,25,70,485,10240,water,rock,23.4,1.0,32,325
Silvally,7,0,95,95,95,95,95,95,,3,0,570,30720,normal,,100.5,2.3,32,325
Pinsir,1,0,155,120,105,65,90,65,50.0,45,70,600,6400,bug,,55.0,1.5,32,325
Minior,7,0,100,60,120,100,60,60,,30 (Meteorite)255 (Core),70,500,6400,rock,flying,40.0,0.3,32,325
Darmanitan,5,0,30,105,55,140,105,105,50.0,60,70,540,5120,fire,fire,92.9,1.3,32,325
Sawsbuck,5,0,100,70,95,60,70,80,50.0,75,70,475,5120,normal,grass,92.5,1.9,32,325
Klinklang,5,0,100,115,90,70,85,60,,30,70,520,5120,steel,,81.0,0.6,32,325
Gloom,1,0,65,70,40,85,75,60,50.0,120,70,395,5120,grass,poison,8.6,0.8,32,325
Parasect,1,0,95,80,30,60,80,60,50.0,75,70,405,5120,bug,grass,29.5,1.0,32,325
Noctowl,2,0,50,50,70,86,96,100,50.0,90,70,452,3840,normal,flying,40.8,1.6,32,325
Pidgeotto,1,0,60,55,71,50,50,63,50.0,120,70,349,3840,normal,flying,30.0,1.1,32,325
Chatot,4,0,65,45,91,92,42,76,50.0,30,35,411,5120,normal,flying,1.9,0.5,31,336
Hypno,1,0,73,70,67,73,115,85,50.0,75,70,483,5120,psychic,,75.6,1.6,31,336
Litten,7,0,65,40,70,60,40,45,88.1,45,70,320,3840,fire,,4.3,0.4,31,336
Tepig,5,0,63,45,45,45,45,65,88.1,45,70,308,5120,fire,,9.9,0.5,31,336
Ambipom,4,0,100,66,115,60,66,75,50.0,45,100,482,5120,normal,,20.3,1.2,31,336
Talonflame,6,0,81,71,126,74,69,78,50.0,45,70,499,3840,fire,flying,24.5,1.2,31,336
Marill,2,0,20,50,40,20,50,70,50.0,190,70,250,2560,water,fairy,8.5,0.4,31,336
Linoone,3,0,70,61,100,50,61,78,50.0,90,70,420,3840,normal,,32.5,0.5,31,336
Tentacruel,1,0,70,65,100,80,120,80,50.0,60,70,515,5120,water,poison,55.0,1.6,30,344
Garbodor,5,0,95,82,75,60,82,80,50.0,60,70,474,5120,poison,,107.3,1.9,30,344
Ledian,2,0,35,50,85,55,110,55,50.0,90,70,390,3840,bug,flying,35.6,1.4,30,344
Gligar,2,0,75,105,85,35,65,65,50.0,60,70,430,5120,ground,flying,64.8,1.1,30,344
Delcatty,3,0,65,65,90,55,55,70,24.6,60,70,400,3840,normal,,32.6,1.1,30,344
Crawdaunt,3,0,120,85,55,90,55,63,50.0,155,70,468,3840,water,dark,32.8,1.1,30,344
Pelipper,3,0,50,100,65,95,70,60,50.0,45,70,440,5120,water,flying,28.0,1.2,30,344
Forretress,2,0,90,140,40,60,60,75,50.0,75,70,465,5120,bug,steel,125.8,1.2,30,344
Poliwag,1,0,50,40,90,40,40,40,50.0,255,70,300,5120,water,,12.4,0.6,30,344
Trevenant,6,0,110,76,56,65,82,85,50.0,60,70,474,5120,ghost,grass,71.0,1.5,29,353
Regigigas,4,1,160,110,100,80,110,110,,3,0,670,30720,normal,,420.0,3.7,29,353
Chespin,6,0,61,65,38,48,45,56,88.1,45,70,313,5120,grass,,9.0,0.4,29,353
Houndour,2,0,60,30,65,80,50,45,50.0,120,35,330,5120,dark,fire,10.8,0.6,29,353
Vanilluxe,5,0,95,85,79,110,95,71,50.0,45,70,535,5120,ice,,57.5,1.3,29,353
Mienshao,5,0,125,60,105,95,60,65,50.0,45,70,510,6400,fighting,,35.5,1.4,29,353
Shiftry,3,0,100,60,80,90,60,90,50.0,45,70,480,3840,grass,dark,59.6,1.3,29,353
Phantump,6,0,70,48,38,50,60,43,50.0,120,70,309,5120,ghost,grass,7.0,0.4,28,361
Caterpie,1,0,30,35,45,20,20,45,50.0,255,70,195,3840,bug,,2.9,0.3,28,361
Poochyena,3,0,55,35,35,30,30,35,50.0,255,70,220,3840,dark,,13.6,0.5,28,361
Honedge,6,0,80,100,28,35,37,45,50.0,180,70,325,5120,steel,ghost,2.0,0.8,28,361
Dedenne,6,0,58,57,101,81,67,67,50.0,180,70,431,5120,electric,fairy,2.2,0.2,28,361
Bellossom,2,0,80,95,50,90,100,75,50.0,45,70,490,5120,grass,,5.8,0.4,28,361
Pangoro,6,0,124,78,58,69,71,95,50.0,65,70,495,6400,fighting,dark,136.0,2.1,28,361
Genesect,5,1,120,95,99,120,95,71,,3,0,600,30720,bug,steel,82.5,1.5,28,361
Kecleon,3,0,90,70,40,60,120,60,50.0,200,70,440,5120,normal,,22.0,1.0,28,361
Gastly,1,0,35,30,80,100,35,30,50.0,190,70,310,5120,ghost,poison,0.1,1.3,27,370
Monferno,4,0,78,52,81,78,52,64,88.1,45,70,405,5120,fire,fighting,22.0,0.9,27,370
Manaphy,4,1,100,100,100,100,100,100,,3,70,600,2560,water,,1.4,0.3,27,370
Mantine,2,0,40,70,70,80,140,85,50.0,25,70,485,6400,water,flying,220.0,2.1,27,370
Rattata,1,0,56,35,72,25,35,30,50.0,255,70,253,3840,normal,dark,,,27,370
Shroomish,3,0,40,60,35,40,60,60,50.0,255,70,295,3840,grass,,4.5,0.4,27,370
Seel,1,0,45,55,45,45,70,65,50.0,190,70,325,5120,water,,90.0,1.1,27,370
Venonat,1,0,55,50,45,40,55,60,50.0,190,70,305,5120,bug,poison,30.0,1.0,27,370
Ninjask,3,0,90,45,160,50,50,61,50.0,120,70,456,3840,bug,flying,12.0,0.8,27,370
Stunfisk,5,0,66,84,32,81,99,109,50.0,75,70,471,5120,ground,electric,11.0,0.7,27,370
Stoutland,5,0,110,90,80,45,90,85,50.0,45,70,500,3840,normal,,61.0,1.2,27,370
Snorunt,3,0,50,50,50,50,50,50,50.0,190,70,300,5120,ice,,16.8,0.7,27,370
Bellsprout,1,0,75,35,40,70,30,50,50.0,255,70,300,5120,grass,poison,4.0,0.7,27,370
Exploud,3,0,91,63,68,91,73,104,50.0,45,70,490,5120,normal,,84.0,1.5,26,383
Dugtrio,1,0,100,60,110,50,70,35,50.0,50,70,425,5120,ground,ground,,,26,383
Armaldo,3,0,125,100,45,70,80,75,88.1,45,70,495,7680,rock,bug,68.2,1.5,26,383
Lurantis,7,0,105,90,45,80,90,70,50.0,75,70,480,5120,grass,,18.5,0.9,26,383
Vespiquen,4,0,80,102,40,80,102,70,0.0,45,70,474,3840,bug,flying,38.5,1.2,26,383
Magmortar,4,0,95,67,83,125,95,75,75.4,30,70,540,6400,fire,,68.0,1.6,26,383
Popplio,7,0,54,54,40,66,56,50,88.1,45,70,320,3840,water,,7.5,0.4,26,383
Tsareena,7,0,120,98,72,50,98,72,0.0,45,70,510,5120,grass,,21.4,1.2,25,390
Araquanid,7,0,70,92,42,50,132,68,50.0,100,70,454,3840,water,bug,82.0,1.8,25,390
Heliolisk,6,0,55,52,109,109,94,62,50.0,75,70,481,5120,electric,normal,21.0,1.0,25,390
Abomasnow,4,0,132,105,30,132,105,90,50.0,60,70,594,5120,grass,ice,135.5,2.2,25,390
Chimecho,3,0,50,80,65,95,90,75,50.0,45,70,455,6400,psychic,,1.0,0.6,25,390
Escavalier,5,0,135,105,20,60,105,70,50.0,75,70,495,3840,bug,steel,33.0,1.0,25,390
Swablu,3,0,40,60,50,40,75,45,50.0,255,70,310,5120,normal,flying,1.2,0.4,25,390
Masquerain,3,0,60,62,80,100,82,70,50.0,75,70,454,3840,bug,flying,3.6,0.8,24,397
Dhelmise,7,0,131,100,40,86,90,70,,25,70,517,6400,ghost,grass,210.0,3.9,24,397
Gourgeist,6,0,100,122,54,58,75,85,50.0,60,70,494,5120,ghost,grass,39.0,1.7,24,397
Minun,3,0,40,50,95,75,85,60,50.0,200,70,405,5120,electric,,4.2,0.4,24,397
Dragalge,6,0,75,90,44,97,123,65,50.0,55,70,494,5120,poison,dragon,81.5,1.8,24,397
Cacnea,3,0,85,40,35,85,40,50,50.0,190,35,335,5120,grass,,51.3,0.4,23,402
Elekid,2,0,63,37,95,65,55,45,75.4,45,70,360,6400,electric,,23.5,0.6,23,402
Magcargo,2,0,50,120,30,90,80,60,50.0,75,70,430,5120,fire,rock,55.0,0.8,23,402
Whiscash,3,0,78,73,60,76,71,110,50.0,75,70,468,5120,water,ground,23.6,0.9,23,402
Nidoqueen,1,0,92,87,76,75,85,90,0.0,45,70,505,5120,poison,ground,60.0,1.3,23,402
Jellicent,5,0,60,70,60,85,105,100,50.0,60,70,480,5120,water,ghost,135.0,2.2,23,402
Qwilfish,2,0,95,85,85,55,55,65,50.0,45,70,440,5120,water,poison,3.9,0.5,23,402
Cherrim,4,0,60,70,85,87,78,70,50.0,75,70,450,5120,grass,,9.3,0.5,23,402
Plusle,3,0,50,40,95,85,75,60,50.0,200,70,405,5120,electric,,4.2,0.4,23,402
Cutiefly,7,0,45,40,84,55,40,40,50.0,190,70,304,5120,bug,fairy,0.2,0.1,23,402
Fennekin,6,0,45,40,60,62,60,40,88.1,45,70,307,5120,fire,,9.4,0.4,23,402
Nidorino,1,0,72,57,65,55,55,61,100.0,120,70,365,5120,poison,,19.5,0.9,23,402
Minccino,5,0,50,40,75,40,40,55,24.6,255,70,300,3840,normal,,5.8,0.4,23,402
Necrozma,7,1,107,101,79,127,89,97,,3,0,600,30720,psychic,,230.0,2.4,23,402
Machop,1,0,80,50,35,35,35,70,75.4,180,70,305,5120,fighting,,19.5,0.8,23,402
Slakoth,3,0,60,60,30,35,35,60,50.0,255,70,280,3840,normal,,24.0,0.8,23,402
Machoke,1,0,100,70,45,50,60,80,75.4,90,70,405,5120,fighting,,70.5,1.5,23,402
Zebstrika,5,0,100,63,116,80,63,75,50.0,75,70,497,5120,electric,,79.5,1.6,23,402
Trapinch,3,0,100,45,10,45,45,45,50.0,255,70,290,5120,ground,,15.0,0.7,22,420
Dusclops,3,0,70,130,25,60,130,40,50.0,90,35,455,6400,ghost,,30.6,1.6,22,420
Natu,2,0,50,45,70,70,45,40,50.0,190,70,320,5120,psychic,flying,2.0,0.2,22,420
Paras,1,0,70,55,25,45,55,35,50.0,190,70,285,5120,bug,grass,5.4,0.3,22,420
Rampardos,4,0,165,60,58,65,50,97,88.1,45,70,495,7680,rock,,102.5,1.6,22,420
Yanma,2,0,65,45,95,75,45,65,50.0,75,70,390,5120,bug,flying,38.0,1.2,22,420
Swalot,3,0,73,83,55,73,83,100,50.0,75,70,467,5120,poison,,80.0,1.7,22,420
Surskit,3,0,30,32,65,50,52,40,50.0,200,70,269,3840,bug,water,1.7,0.5,22,420
Grumpig,3,0,45,65,80,90,110,80,50.0,60,70,470,5120,psychic,,71.5,0.9,21,428
Numel,3,0,60,40,35,65,45,60,50.0,255,70,305,5120,fire,ground,24.0,0.7,21,428
Fearow,1,0,90,65,100,61,61,65,50.0,90,70,442,3840,normal,flying,38.0,1.2,21,428
Kyurem,5,1,120,90,95,170,100,125,,3,0,700,30720,dragon,ice,325.0,3.0,21,428
Marshtomp,3,0,85,70,50,60,70,70,88.1,45,70,405,5120,water,ground,28.0,0.7,21,428
Inkay,6,0,54,53,45,37,46,53,50.0,190,70,288,5120,dark,psychic,3.5,0.4,21,428
Mankey,1,0,80,35,70,35,45,40,50.0,190,70,305,5120,fighting,,28.0,0.5,21,428
Stantler,2,0,95,62,85,85,65,73,50.0,45,70,465,5120,normal,,71.2,1.4,21,428
Slurpuff,6,0,80,86,72,85,75,82,50.0,140,70,480,5120,fairy,,5.0,0.8,21,428
Cacturne,3,0,115,60,55,115,60,70,50.0,60,35,475,5120,grass,dark,77.4,1.3,21,428
Bronzong,4,0,89,116,33,79,116,67,,90,70,500,5120,steel,psychic,187.0,1.3,21,428
Snubbull,2,0,80,50,30,40,40,60,24.6,190,70,300,5120,fairy,,7.8,0.6,21,428
Xerneas,6,1,131,95,99,131,98,126,,45,0,680,30720,fairy,,215.0,3.0,21,428
Crustle,5,0,105,125,45,65,75,70,50.0,75,70,485,5120,bug,rock,200.0,1.4,21,428
Chinchou,2,0,38,38,67,56,56,75,50.0,190,70,330,5120,water,electric,12.0,0.5,21,428
Xurkitree,7,1,89,71,83,173,71,83,,30,0,570,30720,electric,,100.0,3.8,21,428
Croconaw,2,0,80,80,58,59,63,65,88.1,45,70,405,5120,water,,25.0,1.1,21,428
Staryu,1,0,45,55,85,70,55,30,,225,70,340,5120,water,,34.5,0.8,21,428
Seviper,3,0,100,60,65,100,60,73,50.0,90,70,458,5120,poison,,52.5,2.7,21,428
Togetic,2,0,40,85,40,80,105,55,88.1,75,70,405,2560,fairy,flying,3.2,0.6,21,428
Beheeyem,5,0,75,75,40,125,95,75,50.0,90,70,485,5120,psychic,,34.5,1.0,20,448
Chesnaught,6,0,107,122,64,74,75,88,88.1,45,70,530,5120,grass,fighting,90.0,1.6,20,448
Pancham,6,0,82,62,43,46,48,67,50.0,220,70,348,6400,fighting,,8.0,0.6,20,448
Leavanny,5,0,103,80,92,70,80,75,50.0,45,70,500,3840,bug,grass,20.5,1.2,20,448
Carracosta,5,0,108,133,32,83,65,74,88.1,45,70,495,7680,water,rock,81.0,1.2,20,448
Weedle,1,0,35,30,50,20,20,40,50.0,255,70,195,3840,bug,poison,3.2,0.3,20,448
Rhyperior,4,0,140,130,40,55,55,115,50.0,30,70,535,5120,ground,rock,282.8,2.4,20,448
Kabuto,1,0,80,90,55,55,45,30,88.1,45,70,355,7680,rock,water,11.5,0.5,20,448
Medicham,3,0,100,85,100,80,85,60,50.0,90,70,510,5120,fighting,psychic,31.5,1.3,20,448
Beldum,3,0,55,80,30,35,60,40,,3,35,300,10240,steel,psychic,95.2,0.6,20,448
Rockruff,7,0,65,40,60,30,40,45,50.0,190,70,280,3840,rock,,9.2,0.5,20,448
Rhyhorn,1,0,85,95,25,30,30,80,50.0,120,70,345,5120,ground,rock,115.0,1.0,20,448
Buzzwole,7,1,139,139,79,53,53,107,,25,0,570,30720,bug,fighting,333.6,2.4,19,460
Claydol,3,0,70,105,75,70,120,60,,90,70,500,5120,ground,psychic,108.0,1.5,19,460
Arbok,1,0,95,69,80,65,79,60,50.0,90,70,448,5120,poison,,65.0,3.5,19,460
Pyroar,6,0,68,72,106,109,66,86,11.2,65,70,507,5120,fire,normal,81.5,1.5,19,460
Victreebel,1,0,105,65,70,100,70,80,50.0,45,70,490,5120,grass,poison,15.5,1.7,19,460
Bastiodon,4,0,52,168,30,47,138,60,88.1,45,70,495,7680,rock,steel,149.5,1.3,19,460
Lairon,3,0,90,140,40,50,50,60,50.0,90,35,430,8960,steel,rock,120.0,0.9,19,460
Shellder,1,0,65,100,40,45,25,30,50.0,190,70,305,5120,water,,4.0,0.3,19,460
Roselia,3,0,60,45,65,100,80,50,50.0,150,70,400,5120,grass,poison,2.0,0.3,19,460
Venomoth,1,0,65,60,90,90,75,70,50.0,75,70,450,5120,bug,poison,12.5,1.5,19,460
Aurorus,6,0,77,72,58,99,92,123,88.1,45,70,521,7680,rock,ice,225.0,2.7,19,460
Tangrowth,4,0,100,125,50,110,50,100,50.0,30,70,535,5120,grass,,128.6,2.0,19,460
Larvesta,5,0,85,55,60,50,55,55,50.0,45,70,360,10240,bug,fire,28.8,1.1,19,460
Lickilicky,4,0,85,95,50,80,95,110,50.0,30,70,515,5120,normal,,140.0,1.7,19,460
Raticate,1,0,71,70,77,40,80,75,50.0,127,70,413,3840,normal,dark,,,19,460
Drowzee,1,0,48,45,42,43,90,60,50.0,190,70,328,5120,psychic,,32.4,1.0,18,475
Kirlia,3,0,35,35,50,65,55,38,50.0,120,35,278,5120,psychic,fairy,20.2,0.8,18,475
Metapod,1,0,20,55,30,25,25,50,50.0,120,70,205,3840,bug,,9.9,0.7,18,475
Wailmer,3,0,70,35,60,70,35,130,50.0,125,70,400,10240,water,,130.0,2.0,18,475
Unown,2,0,72,48,48,72,48,48,,225,70,336,10240,psychic,,5.0,0.5,18,475
Luxio,4,0,85,49,60,60,49,60,50.0,120,100,363,5120,electric,,30.5,0.9,18,475
Wingull,3,0,30,30,85,55,30,40,50.0,190,70,270,5120,water,flying,9.5,0.6,18,475
Druddigon,5,0,120,90,48,60,90,77,50.0,45,70,485,7680,dragon,,139.0,1.6,17,483
Hitmontop,2,0,95,95,70,35,110,50,100.0,45,70,455,6400,fighting,,48.0,1.4,17,483
Axew,5,0,87,60,57,30,40,46,50.0,75,35,320,10240,dragon,,18.0,0.6,17,483
Bagon,3,0,75,60,50,40,30,45,50.0,45,35,300,10240,dragon,,42.1,0.6,17,483
Gigalith,5,0,135,130,25,60,80,85,50.0,45,70,515,3840,rock,,260.0,1.7,17,483
Vibrava,3,0,70,50,70,50,50,50,50.0,120,70,340,5120,ground,dragon,15.3,1.1,16,489
Corphish,3,0,80,65,35,50,35,43,50.0,205,70,308,3840,water,,11.5,0.6,16,489
Registeel,3,1,75,150,50,75,150,80,,3,35,580,20480,steel,,205.0,1.9,16,489
Buneary,4,0,66,44,85,44,56,55,50.0,190,0,350,5120,normal,,5.5,0.4,16,489
Sandile,5,0,72,35,65,35,35,50,50.0,180,70,292,5120,ground,dark,15.2,0.7,16,489
Gothitelle,5,0,55,95,65,95,110,70,24.6,50,70,490,5120,psychic,,44.0,1.5,16,489
Diancie,6,1,160,110,110,160,110,50,,3,70,700,6400,rock,fairy,8.8,0.7,16,489
Cryogonal,5,0,50,50,105,95,135,80,,25,70,515,6400,ice,,148.0,1.1,16,489
Moltres,1,1,100,90,90,125,85,90,,3,35,580,20480,fire,flying,60.0,2.0,16,489
Accelgor,5,0,70,40,145,100,60,80,50.0,75,70,495,3840,bug,,25.3,0.8,16,489
Gulpin,3,0,43,53,40,43,53,70,50.0,225,70,302,5120,poison,,10.3,0.4,16,489
Probopass,4,0,55,145,40,75,150,60,50.0,60,70,525,5120,rock,steel,340.0,1.4,16,489
Guzzlord,7,1,101,53,43,97,53,223,,15,0,570,30720,dark,dragon,888.0,5.5,15,501
Drampa,7,0,60,85,36,135,91,78,50.0,70,70,485,5120,normal,dragon,185.0,3.0,15,501
Shellos,4,0,48,48,34,57,62,76,50.0,190,70,325,5120,water,,6.3,0.3,15,501
Skuntank,4,0,93,67,84,71,61,103,50.0,60,70,479,5120,poison,dark,38.0,1.0,15,501
Blissey,2,0,10,10,55,75,135,255,0.0,30,140,540,10240,normal,,46.8,1.5,15,501
